,City,Country,Lat,Lng,Max Temp,Humidity,Cloudiness,Wind Speed,Current Description
0,Kabalo,CD,-6.05,26.9167,69.84,95,100,1.25,overcast clouds
1,Rikitea,PF,-23.1203,-134.9692,77.02,72,100,8.16,overcast clouds
2,Marawi,PH,7.9986,124.2928,71.65,88,94,1.19,overcast clouds
3,Punta Arenas,CL,-53.15,-70.9167,51.91,50,0,6.91,clear sky
4,Havelock,US,34.8791,-76.9013,33.78,56,0,5.01,clear sky
5,Tuatapere,NZ,-46.1333,167.6833,60.19,88,100,4.99,overcast clouds
6,Ushuaia,AR,-54.8,-68.3,44.26,87,100,4.61,light rain
7,Teknaf,BD,20.8624,92.3058,54.82,74,0,7.9,clear sky
8,Severo-Yeniseyskiy,RU,60.3725,93.0408,-6.16,100,96,3.42,overcast clouds
9,Kruisfontein,ZA,-34.0033,24.7314,58.89,92,1,3.27,clear sky
10,Puerto Ayora,EC,-0.7393,-90.3518,75.02,78,39,6.64,scattered clouds
11,Pietrosani,RO,45.1833,24.85,25.18,48,58,2.33,broken clouds
12,San Quintin,MX,30.4833,-115.95,63.86,40,4,8.46,clear sky
13,Lucapa,AO,-8.4192,20.7447,66.24,95,100,2.89,light rain
14,Khatanga,RU,71.9667,102.5,-5.76,98,100,7.61,overcast clouds
15,Sikonge,TZ,-5.6333,32.7667,64.18,89,100,3.31,overcast clouds
16,Mar Del Plata,AR,-38.0023,-57.5575,77.02,61,0,17.27,clear sky
17,Salalah,OM,17.0151,54.0924,68.09,73,0,4.61,clear sky
18,Hobart,AU,-42.8794,147.3294,77.02,61,75,1.99,broken clouds
19,Tasiilaq,GL,65.6145,-37.6368,17.76,77,99,5.97,light snow
20,Busselton,AU,-33.65,115.3333,73.09,70,10,13.87,clear sky
21,Chernyshevsk,RU,52.5243,117.0174,-24.75,99,26,1.43,scattered clouds
22,Qaqortoq,GL,60.7167,-46.0333,12.7,90,100,16.26,snow
23,Majene,ID,-3.5403,118.9707,79.84,75,100,1.63,overcast clouds
24,San Cristobal,VE,7.7669,-72.225,73.58,81,24,3.2,few clouds
25,Saskylakh,RU,71.9167,114.0833,-20.06,100,99,3.44,overcast clouds
26,Bredasdorp,ZA,-34.5322,20.0403,66.27,88,2,2.3,clear sky
27,Bubaque,GW,11.2833,-15.8333,78.98,69,93,16.69,overcast clouds
28,Yumen,CN,40.2833,97.2,11.66,66,0,7.47,clear sky
29,Airai,TL,-8.9266,125.4092,65.5,81,100,4.07,overcast clouds
30,Puri,IN,19.8,85.85,54.12,50,21,8.19,few clouds
31,Mataura,NZ,-46.1927,168.8643,56.86,99,100,2.71,light rain
32,La Ronge,CA,55.1001,-105.2842,-4.36,100,99,3.47,overcast clouds
33,Albany,US,42.6001,-73.9662,9.84,62,100,11.99,overcast clouds
34,Butaritari,KI,3.0707,172.7902,82.56,72,81,18.54,broken clouds
35,Jamestown,US,42.097,-79.2353,7.92,85,0,6.91,clear sky
36,Maswa,TZ,-2.6833,33.9833,64.89,90,100,4.03,light rain
37,Cape Town,ZA,-33.9258,18.4232,68.34,71,0,4.0,clear sky
38,Dikson,RU,73.5069,80.5464,7.23,94,100,19.73,overcast clouds
39,Faanui,PF,-16.4833,-151.75,80.64,72,43,9.08,light rain
40,Geraldton,AU,-28.7667,114.6,77.13,73,0,8.05,clear sky
41,Yellowknife,CA,62.456,-114.3525,-10.44,77,75,8.05,broken clouds
42,Lavrentiya,RU,65.5833,-171.0,-2.27,87,22,3.11,few clouds
43,Vao,NC,-22.6667,167.4833,79.2,87,87,18.28,overcast clouds
44,Ribeira Grande,PT,38.5167,-28.7,59.04,74,47,5.48,scattered clouds
45,Conceicao Do Araguaia,BR,-8.2578,-49.2647,71.98,95,91,3.85,overcast clouds
46,Waingapu,ID,-9.6567,120.2641,81.82,76,99,11.21,overcast clouds
47,Komsomolskiy,UZ,40.4272,71.7189,34.52,93,75,4.61,fog
48,San Javier,ES,37.8063,-0.8374,48.4,90,0,1.01,clear sky
49,Takoradi,GH,4.8845,-1.7554,79.07,89,55,5.23,broken clouds
50,Coquimbo,CL,-29.9533,-71.3436,63.59,77,45,8.97,scattered clouds
51,Dicabisagan,PH,17.0818,122.4157,79.0,84,44,2.84,scattered clouds
52,Talnakh,RU,69.4865,88.3972,-3.8,96,100,9.04,overcast clouds
53,Hilo,US,19.7297,-155.09,82.13,50,0,9.22,clear sky
54,Garowe,SO,8.4054,48.4845,64.89,74,68,13.62,broken clouds
55,Yoichi,JP,43.2039,140.7703,19.44,80,100,19.37,light snow
56,Sorong,ID,-0.8833,131.25,82.47,77,98,8.03,overcast clouds
57,Ilulissat,GL,69.2167,-51.1,10.42,72,75,18.41,light snow
58,Pisco,PE,-13.7,-76.2167,71.65,73,0,14.97,clear sky
59,Ponta Delgada,PT,37.7333,-25.6667,58.5,72,75,0.0,broken clouds
60,Victoria,HK,22.2855,114.1577,58.24,76,80,3.0,broken clouds
61,Sadove,UA,46.2487,30.1795,21.16,77,27,10.94,scattered clouds
62,Carnarvon,AU,-24.8667,113.6333,78.87,89,100,12.66,overcast clouds
63,Aracati,BR,-4.5617,-37.7697,77.85,78,100,5.17,overcast clouds
64,Narsaq,GL,60.9167,-46.05,12.42,95,100,11.41,light snow
65,Chapais,CA,49.7834,-74.8492,-18.62,99,8,2.75,clear sky
66,Katherine,AU,-14.4667,132.2667,82.72,74,100,17.27,overcast clouds
67,Kodiak,US,57.79,-152.4072,35.11,55,0,12.66,clear sky
68,Apollonia,GR,36.9716,24.7231,52.25,78,100,24.54,overcast clouds
69,Laguna,US,38.421,-121.4238,66.24,42,0,3.0,clear sky
70,Palana,RU,59.1167,159.9667,22.82,72,92,14.2,overcast clouds
71,Francisco Beltrao,BR,-26.0811,-53.055,64.11,92,99,5.1,overcast clouds
72,Ancud,CL,-41.8697,-73.8203,59.43,93,88,13.53,light rain
73,Paamiut,GL,61.994,-49.6678,14.23,69,100,15.48,light snow
74,Kavieng,PG,-2.5744,150.7967,83.17,75,100,6.58,light rain
75,Kenai,US,60.5544,-151.2583,30.09,88,75,9.22,broken clouds
76,Tiksi,RU,71.6872,128.8694,-9.51,98,55,4.09,broken clouds
77,Okakarara,NA,-20.5833,17.4333,68.81,81,100,2.73,light rain
78,Bonthe,SL,7.5264,-12.505,77.32,83,90,3.51,overcast clouds
79,Hermanus,ZA,-34.4187,19.2345,66.79,81,2,11.01,clear sky
80,New Norfolk,AU,-42.7826,147.0587,76.66,31,13,1.99,few clouds
81,Linxia,CN,35.6003,103.2064,6.71,88,67,2.89,broken clouds
82,Saint George,US,37.1041,-113.5841,59.34,15,0,3.0,clear sky
83,Barrow,US,71.2906,-156.7887,-7.58,71,40,12.66,scattered clouds
84,Pevek,RU,69.7008,170.3133,-17.34,99,95,3.71,overcast clouds
85,Nikki,BJ,9.9401,3.2108,73.67,16,34,7.14,scattered clouds
86,Qaanaaq,GL,77.484,-69.3632,4.41,89,100,9.91,overcast clouds
87,Krasnoshchekovo,RU,51.6708,82.7289,-2.56,92,41,4.92,scattered clouds
88,Cidreira,BR,-30.1811,-50.2056,71.96,64,67,11.77,broken clouds
89,Bethel,US,41.3712,-73.414,19.04,59,100,4.0,overcast clouds
90,Arraial Do Cabo,BR,-22.9661,-42.0278,74.95,94,96,7.52,overcast clouds
91,Santa Rosa,PH,14.3122,121.1114,85.08,79,13,4.54,few clouds
92,Port Alfred,ZA,-33.5906,26.891,68.9,87,35,9.06,scattered clouds
93,Kaitangata,NZ,-46.2817,169.8464,56.59,93,100,6.33,light rain
94,Miram Shah,PK,33.0086,70.0697,47.1,48,19,5.41,few clouds
95,Vanimo,PG,-2.6741,141.3028,78.3,86,100,7.85,light rain
96,Talaya,RU,61.3833,152.75,-7.11,97,100,3.6,overcast clouds
97,Sept-Iles,CA,50.2001,-66.3821,7.05,60,100,5.99,overcast clouds
98,Morondava,MG,-20.2833,44.2833,78.31,83,0,6.87,clear sky
99,Vaini,TO,-21.2,-175.2,81.72,76,99,12.62,overcast clouds
100,Avarua,CK,-21.2078,-159.775,82.45,78,20,11.5,few clouds
101,Castro,BR,-24.7911,-50.0119,59.81,99,100,6.29,overcast clouds
102,Fortuna,US,40.5982,-124.1573,58.42,77,4,2.21,clear sky
103,Katsuura,JP,35.1333,140.3,45.19,60,61,18.45,broken clouds
104,Yar-Sale,RU,66.8333,70.8333,-10.05,98,86,8.7,overcast clouds
105,Khani,GE,41.9563,42.9566,24.37,80,95,6.71,overcast clouds
106,Deoria,IN,26.5047,83.7872,46.74,75,0,6.8,clear sky
107,La Paz,BO,-16.5,-68.15,51.78,87,75,5.75,broken clouds
108,Kaeo,NZ,-35.1,173.7833,73.33,66,80,12.44,broken clouds
109,Progreso,MX,21.2833,-89.6667,68.11,59,97,14.47,overcast clouds
110,Coromandel,BR,-18.4733,-47.2003,67.01,88,100,3.51,overcast clouds
111,Biak,ID,-0.9131,122.8766,78.85,76,100,3.38,overcast clouds
112,Kirakira,SB,-10.4544,161.9205,84.45,75,85,10.18,overcast clouds
113,Hit,IQ,33.6416,42.8251,49.96,58,62,7.05,broken clouds
114,Thompson,CA,55.7435,-97.8558,-9.24,84,20,2.3,few clouds
115,Tuktoyaktuk,CA,69.4541,-133.0374,-5.8,77,75,17.27,light snow
116,Antofagasta,CL,-23.65,-70.4,64.58,83,18,5.82,few clouds
117,Pascagoula,US,30.3658,-88.5561,44.65,63,1,3.44,clear sky
118,Cotonou,BJ,6.3654,2.4183,78.48,77,25,3.53,scattered clouds
119,Cockburn Town,TC,21.4612,-71.1419,78.76,73,40,9.22,scattered clouds
120,Asau,RO,46.4333,26.4,32.92,78,90,8.9,overcast clouds
121,Ilheus,BR,-14.7889,-39.0494,75.02,94,75,4.61,light rain
122,Cabo San Lucas,MX,22.8909,-109.9124,77.5,56,10,3.0,clear sky
123,Hazorasp,UZ,41.3194,61.0742,19.24,72,2,8.01,clear sky
124,Ballina,AU,-28.8667,153.5667,80.78,83,90,10.85,overcast clouds
125,Sarkand,KZ,45.41,79.9186,24.62,88,100,4.54,overcast clouds
126,Atar,MR,20.5169,-13.0499,73.72,22,100,5.32,overcast clouds
127,Cherskiy,RU,68.75,161.3,-26.14,99,80,1.32,broken clouds
128,Ahipara,NZ,-35.1667,173.1667,75.49,50,62,6.15,broken clouds
129,Kamaishi,JP,39.2667,141.8833,29.35,54,12,11.97,few clouds
130,Naze,JP,28.3667,129.4833,56.32,76,98,12.68,overcast clouds
131,Regina,CA,50.4501,-104.6178,19.4,85,20,4.61,few clouds
132,Munoz,PH,15.7161,120.9031,76.8,84,5,2.21,clear sky
133,Bilibino,RU,68.0546,166.4372,-1.86,87,100,2.62,overcast clouds
134,Port Hardy,CA,50.6996,-127.4199,47.75,87,100,19.57,light rain
135,Broken Hill,AU,-31.95,141.4333,82.56,58,23,9.37,few clouds
136,Esperance,AU,-33.8667,121.9,72.9,59,6,10.63,clear sky
137,Hamilton,US,39.1834,-84.5333,23.81,65,90,1.99,overcast clouds
138,Havoysund,NO,70.9963,24.6622,22.08,89,98,17.34,light snow
139,Petrozavodsk,RU,61.7849,34.3469,20.66,86,100,6.71,light snow
140,Raciborz,PL,50.0919,18.2193,42.55,93,100,22.64,overcast clouds
141,Durant,US,33.994,-96.3708,60.39,27,0,9.64,clear sky
142,Prince George,CA,53.9166,-122.753,36.25,70,100,1.01,overcast clouds
143,Port Lincoln,AU,-34.7333,135.8667,69.78,76,29,14.81,scattered clouds
144,Lundazi,ZM,-12.2929,33.1782,64.22,97,100,3.44,moderate rain
145,Kedrovyy,RU,56.1667,91.8167,-14.13,97,49,3.42,scattered clouds
146,Saposoa,PE,-6.934,-76.7716,84.81,90,100,1.83,overcast clouds
147,Padang,ID,-0.9492,100.3543,75.25,92,95,5.17,overcast clouds
148,Lasa,IT,46.6166,10.7002,45.86,76,15,9.1,few clouds
149,Bluff,NZ,-46.6,168.3333,58.95,88,100,7.94,overcast clouds
150,Kholmogory,RU,64.2229,41.656,17.71,97,100,6.82,light snow
151,Severo-Kurilsk,RU,50.6789,156.125,24.87,82,96,17.74,light snow
152,Bengkulu,ID,-3.8004,102.2655,76.26,90,100,4.14,overcast clouds
153,Atambua,ID,-9.1061,124.8925,75.92,89,99,6.67,light rain
154,Herat,AF,34.5,62.0,39.88,47,0,3.24,clear sky
155,South Houston,US,29.663,-95.2355,60.13,49,20,13.8,few clouds
156,Atuona,PF,-9.8,-139.0333,77.74,79,13,12.08,light rain
157,Oneonta,US,42.4529,-75.0638,7.32,68,100,16.91,overcast clouds
158,Vanderhoof,CA,54.0166,-124.0198,31.44,95,89,3.04,overcast clouds
159,Clyde River,CA,70.4692,-68.5914,-7.37,71,100,9.22,overcast clouds
160,Lebu,CL,-37.6167,-73.65,60.17,83,1,9.33,clear sky
161,Luderitz,NA,-26.6481,15.1594,68.23,76,75,6.46,broken clouds
162,Baijiantan,CN,45.6333,85.1833,2.88,96,100,2.77,snow
163,Yantzaza,EC,-3.8278,-78.7594,71.87,91,100,2.68,light rain
164,San Pedro,PH,14.35,121.0167,82.31,80,9,6.26,clear sky
165,Price,US,39.5994,-110.8107,40.26,30,1,0.0,clear sky
166,Misratah,LY,32.3754,15.0925,55.99,54,63,21.47,broken clouds
167,Kutum,SD,14.2,24.6667,51.62,20,25,7.09,scattered clouds
168,Lata,PT,40.1629,-8.3327,50.72,52,0,5.5,clear sky
169,Tezu,IN,27.9167,96.1667,48.87,51,0,3.62,clear sky
170,Oksovskiy,RU,62.6062,39.8984,4.19,99,100,5.53,overcast clouds
171,Savannah Bight,HN,16.45,-85.85,71.65,76,85,22.1,overcast clouds
172,Nikolskoye,RU,59.7035,30.7861,27.72,86,100,16.42,snow
173,Haripur,PK,34.0,72.9341,45.75,49,0,4.92,clear sky
174,Terrace Bay,CA,48.7834,-87.1,12.54,90,100,4.59,overcast clouds
175,Nuuk,GL,64.1835,-51.7216,9.88,85,100,23.02,light shower snow
176,Acapulco,MX,16.8634,-99.8901,82.22,74,20,5.75,few clouds
177,Guerrero Negro,MX,27.9769,-114.0611,66.6,33,49,12.3,scattered clouds
178,Kapaa,US,22.0752,-159.319,80.58,66,0,1.01,clear sky
179,Longyearbyen,SJ,78.2186,15.6401,8.44,66,0,16.11,clear sky
180,Santa Maria Del Oro,MX,25.9333,-105.3667,65.53,34,22,6.76,few clouds
181,Port Moresby,PG,-9.4431,147.1797,81.07,74,100,8.57,light rain
182,Grindavik,IS,63.8424,-22.4338,36.07,69,75,13.8,light rain
183,Pundaguitan,PH,6.3711,126.1689,80.24,77,76,4.94,broken clouds
184,Srednekolymsk,RU,67.45,153.6833,-26.66,100,82,4.34,broken clouds
185,Lalibela,ET,12.0333,39.0333,55.63,57,9,3.02,clear sky
186,Kosh-Agach,RU,50.0,88.6667,-25.35,82,41,2.26,scattered clouds
187,Thornbury,GB,52.2333,-2.55,43.18,81,17,5.88,few clouds
188,Thanh Hoa,VN,19.8,105.7667,55.62,80,100,6.78,overcast clouds
189,Along,IN,28.1667,94.7667,41.67,82,2,1.36,clear sky
190,Yerofey Pavlovich,RU,53.9667,121.9667,-12.59,95,16,3.96,few clouds
191,Nosy Varika,MG,-20.5833,48.5333,75.29,84,26,2.33,light rain
192,Saldanha,ZA,-33.0117,17.9442,64.98,85,0,13.87,clear sky
193,Malinyi,TZ,-8.9333,36.1333,67.44,98,72,0.09,broken clouds
194,Hermiston,US,45.8404,-119.2895,34.65,70,100,0.0,overcast clouds
195,Chardara,KZ,41.2547,67.9692,35.82,73,22,8.46,few clouds
196,Bay Roberts,CA,47.5999,-53.2648,38.05,92,100,11.01,moderate rain
197,Effingham,US,32.3669,-81.3332,40.86,36,8,6.93,clear sky
198,Biloela,AU,-24.4167,150.5,87.6,48,5,10.8,clear sky
199,Sorland,NO,67.667,12.6934,26.67,62,100,24.05,overcast clouds
200,Sao Filipe,CV,14.8961,-24.4956,70.92,72,97,10.04,overcast clouds
201,Coos Bay,US,43.3665,-124.2179,60.01,84,1,3.44,clear sky
202,Hirara,JP,24.8,125.2833,66.47,82,75,17.27,broken clouds
203,Malmesbury,ZA,-33.4608,18.7271,68.88,71,0,8.19,clear sky
204,Hithadhoo,MV,-0.6,73.0833,80.82,68,76,3.85,broken clouds
205,Hakkari,TR,37.5833,44.1667,6.93,98,92,2.08,overcast clouds
206,Conceicao Do Almeida,BR,-12.7794,-39.17,72.5,92,100,3.69,overcast clouds
207,Vila Velha,BR,-20.3297,-40.2925,80.55,86,0,1.99,clear sky
208,Ponta Do Sol,PT,32.6667,-17.1,63.23,36,33,5.86,scattered clouds
209,Salisbury,GB,51.0693,-1.7957,42.48,85,43,2.3,scattered clouds
210,Farafangana,MG,-22.8167,47.8333,75.11,80,33,6.2,light rain
211,Adrar,MR,20.5022,-10.0711,75.54,11,100,9.33,overcast clouds
212,Westerland,DE,54.9079,8.3033,43.93,87,75,41.43,broken clouds
213,Olean,US,42.0776,-78.4297,9.1,78,0,9.22,clear sky
214,Kazerun,IR,29.6195,51.6541,50.23,63,54,2.17,broken clouds
215,Westport,US,41.1415,-73.3579,21.18,50,100,11.01,overcast clouds
216,Raudeberg,NO,61.9875,5.1352,41.2,89,99,10.0,overcast clouds
217,Provideniya,RU,64.3833,-173.3,4.68,86,10,3.29,clear sky
218,Vagay,RU,57.9375,69.0217,8.74,91,100,6.49,overcast clouds
219,Kununurra,AU,-15.7667,128.7333,84.18,79,75,12.66,broken clouds
220,Xico,MX,19.2667,-98.9333,68.29,54,25,8.48,scattered clouds
221,Mount Gambier,AU,-37.8333,140.7667,69.71,73,100,9.22,overcast clouds
222,Omboue,GA,-1.5746,9.2618,78.19,90,68,5.64,broken clouds
223,Bhatkal,IN,13.9667,74.5667,76.32,53,4,6.38,clear sky
224,Nioro,GM,13.35,-15.75,76.6,27,94,8.08,overcast clouds
225,Mayumba,GA,-3.432,10.6554,76.93,92,72,4.27,broken clouds
226,Demba,CD,-5.51,22.2667,69.64,78,100,1.19,overcast clouds
227,Yablonovo,RU,50.8523,37.3574,28.26,95,95,9.93,snow
228,Shingu,JP,33.7333,135.9833,43.79,54,96,5.17,overcast clouds
229,East London,ZA,-33.0153,27.9116,69.85,86,72,7.78,broken clouds
230,Manaus,BR,-3.1019,-60.025,75.7,94,75,4.61,light intensity drizzle
231,Kuusamo,FI,65.9667,29.1833,17.64,93,100,5.75,overcast clouds
232,Platanos,GR,37.6667,21.6167,47.08,85,92,7.38,overcast clouds
233,Basco,PH,20.4487,121.9702,74.59,82,100,24.99,overcast clouds
234,Bulgan,MN,48.8125,103.5347,-8.41,93,57,4.45,broken clouds
235,Chokurdakh,RU,70.6333,147.9167,-11.61,87,100,1.07,overcast clouds
236,Husavik,IS,66.0449,-17.3389,33.71,79,64,17.31,broken clouds
237,Sao Joao Da Barra,BR,-21.6403,-41.0511,76.26,91,68,11.86,moderate rain
238,Deputatskiy,RU,69.3,139.9,-18.74,94,100,1.43,overcast clouds
239,Zamardi,HU,46.8849,17.9537,39.65,58,92,8.01,overcast clouds
240,Saint Anthony,US,45.0205,-93.218,26.29,69,0,1.01,clear sky
241,Mackay,AU,-21.15,149.2,84.69,75,37,14.67,scattered clouds
242,Whitianga,NZ,-36.8333,175.7,71.31,60,10,5.73,clear sky
243,Itarema,BR,-2.9248,-39.9167,78.58,74,97,9.66,overcast clouds
244,Ketchikan,US,55.3422,-131.6461,43.27,75,100,8.05,overcast clouds
245,Yanam,IN,16.7333,82.2167,62.06,97,50,2.93,scattered clouds
246,Zyryanka,RU,65.75,150.85,-24.38,100,95,1.16,overcast clouds
247,Richards Bay,ZA,-28.783,32.0377,69.76,86,31,0.54,scattered clouds
248,Miri,MY,4.4148,114.0089,75.34,94,40,5.75,scattered clouds
249,Leningradskiy,RU,69.3833,178.4167,-10.08,91,63,5.06,broken clouds
250,Kieta,PG,-6.2167,155.6333,80.1,87,100,7.56,light rain
251,Upernavik,GL,72.7868,-56.1549,0.9,95,100,8.1,overcast clouds
252,Iguape,BR,-24.7081,-47.5553,72.61,93,100,7.72,overcast clouds
253,Rodrigues Alves,BR,-7.738,-72.6509,74.44,95,99,0.31,moderate rain
254,Zhigansk,RU,66.7697,123.3711,-32.55,100,99,3.13,overcast clouds
255,Baykit,RU,61.67,96.37,-10.52,100,98,1.52,overcast clouds
256,Dukat,RU,62.55,155.55,-6.93,99,100,3.71,overcast clouds
257,Namibe,AO,-15.1961,12.1522,70.84,76,100,6.04,overcast clouds
258,Rovaniemi,FI,66.5,25.7167,9.81,85,89,13.8,overcast clouds
259,Saint-Augustin,CA,51.226,-58.6502,7.72,94,100,22.12,snow
260,Cap Malheureux,MU,-19.9842,57.6142,79.29,78,92,1.99,overcast clouds
261,Brae,GB,60.3964,-1.353,39.11,63,49,30.87,scattered clouds
262,Magadan,RU,59.5667,150.8,15.96,76,100,13.6,overcast clouds
263,Lagos,NG,6.5833,3.75,77.32,44,44,3.65,scattered clouds
264,Coihaique,CL,-45.5752,-72.0662,52.41,76,75,6.91,light intensity shower rain
265,Dingle,PH,10.9995,122.6711,78.93,82,19,1.32,few clouds
266,Ouesso,CG,1.6136,16.0517,70.21,34,84,1.68,broken clouds
267,Ullapool,GB,57.8987,-5.1604,41.34,77,71,5.99,broken clouds
268,Nakhon Sawan,TH,15.7,100.0833,74.08,55,48,0.98,scattered clouds
269,Hanumangarh,IN,29.5833,74.3167,51.33,53,8,4.56,clear sky
270,Chuy,UY,-33.6971,-53.4616,66.6,77,12,8.01,few clouds
271,Vilhena,BR,-12.7406,-60.1458,71.82,94,75,3.44,light rain
272,Chakia,IN,26.4167,85.05,49.37,78,0,6.42,clear sky
273,Chilliwack,CA,49.1747,-121.9443,44.73,76,99,0.0,overcast clouds
274,Port Blair,IN,11.6667,92.75,75.24,83,75,0.0,mist
275,Tarakan,ID,3.3,117.6333,80.1,89,40,6.91,scattered clouds
276,Krasnoselkup,RU,65.7,82.4667,-14.46,99,99,8.3,overcast clouds
277,Sobolevo,RU,54.4299,31.8996,22.66,92,100,15.93,light snow
278,Cabedelo,BR,-6.9811,-34.8339,77.67,80,74,9.19,broken clouds
279,Constitucion,CL,-35.3333,-72.4167,59.09,92,44,7.87,scattered clouds
280,Kibala,TD,9.1104,18.3463,73.72,20,68,8.3,broken clouds
281,Puerto Maldonado,PE,-12.6,-69.1833,73.18,99,99,0.45,overcast clouds
282,Biltine,TD,14.5333,20.9167,62.33,14,8,12.44,clear sky
283,Riyadh,SA,24.6877,46.7219,48.34,41,0,8.23,clear sky
284,Trincomalee,LK,8.5711,81.2335,77.94,82,35,0.74,scattered clouds
285,Lulea,SE,65.5842,22.1547,17.67,93,100,10.36,overcast clouds
286,Sarai,RU,53.7458,41.0213,25.95,97,100,4.94,overcast clouds
287,Rocha,UY,-34.4833,-54.3333,64.74,80,2,7.43,clear sky
288,Georgetown,MY,5.4112,100.3354,81.9,88,20,0.0,mist
289,Aden,YE,12.7794,45.0367,76.21,71,75,11.32,broken clouds
290,Kamenka,RU,51.3223,42.7678,31.75,99,100,6.46,light snow
291,Pombia,IT,45.653,8.6336,44.31,65,0,3.44,clear sky
292,Misasi,TZ,-3.0,33.0833,67.55,80,100,6.6,overcast clouds
293,Karlstad,SE,59.3793,13.5036,39.76,48,40,25.32,squalls
294,Inhambane,MZ,-23.865,35.3833,76.66,72,82,7.99,broken clouds
295,Moron,AR,-34.6534,-58.6198,78.03,66,62,1.99,broken clouds
296,Portree,GB,57.4129,-6.1942,40.86,89,45,4.43,scattered clouds
297,Cabiraoan,PH,18.3238,122.086,74.86,95,93,6.04,overcast clouds
298,Phan Thiet,VN,10.9333,108.1,73.85,85,93,3.2,overcast clouds
299,Znamenskoye,RU,57.1281,73.8282,5.86,86,100,7.94,overcast clouds
300,Lorengau,PG,-2.0226,147.2712,84.33,71,87,7.34,overcast clouds
301,Russell,US,32.3502,-85.1999,38.8,43,0,0.0,clear sky
302,Lipki,RU,53.9699,37.7028,15.3,98,98,5.19,overcast clouds
303,Senno,RU,59.5336,33.9167,16.07,91,100,11.95,overcast clouds
304,Buala,SB,-8.145,159.5921,85.69,68,100,7.45,overcast clouds
305,Nizwa,OM,22.9333,57.5333,64.99,46,2,1.43,clear sky
306,Siniscola,IT,40.5719,9.6922,47.75,62,2,6.15,clear sky
307,Port Elizabeth,ZA,-33.918,25.5701,66.49,88,0,8.05,clear sky
308,Namatanai,PG,-3.6667,152.4333,83.32,74,100,4.56,light rain
309,Fairbanks,US,64.8378,-147.7164,-9.4,70,0,3.44,clear sky
310,Kushmurun,KZ,52.4503,64.6311,8.1,94,100,9.64,overcast clouds
311,Pangnirtung,CA,66.1451,-65.7125,-18.98,99,100,2.48,overcast clouds
312,Qui Nhon,VN,13.7667,109.2333,71.89,87,96,5.82,overcast clouds
313,Gaoua,BF,10.2992,-3.2508,75.65,19,32,5.17,scattered clouds
314,Krivodol,BG,43.3744,23.4844,31.8,73,40,4.76,scattered clouds
315,Altay,CN,47.8667,88.1167,1.89,53,43,7.67,scattered clouds
316,Sakakah,SA,29.9697,40.2064,44.17,50,0,8.32,clear sky
317,Paita,PE,-5.0892,-81.1144,75.76,78,39,10.56,scattered clouds
318,Olafsvik,IS,64.8945,-23.7142,38.07,63,100,25.52,overcast clouds
319,Skelleftea,SE,64.7507,20.9528,19.76,68,100,3.0,overcast clouds
320,Sitka,US,57.0531,-135.33,37.29,60,75,10.36,broken clouds
321,Rio Grande,BR,-32.035,-52.0986,71.94,63,18,12.86,few clouds
322,Haines Junction,CA,60.7522,-137.5108,12.15,67,100,10.36,overcast clouds
323,Kloulklubed,PW,7.0419,134.2556,82.9,77,87,11.52,overcast clouds
324,Maputo,MZ,-25.9653,32.5892,72.23,94,100,7.0,moderate rain
325,Quimperle,FR,47.8667,-3.55,47.98,93,100,2.3,overcast clouds
326,Keetmanshoop,NA,-26.5833,18.1333,77.92,57,98,9.22,overcast clouds
327,Sola,VU,-13.8833,167.55,82.69,78,90,19.1,overcast clouds
328,Sandomierz,PL,50.6827,21.749,39.78,94,100,15.01,overcast clouds
329,Prado,BR,-17.3411,-39.2208,78.51,84,1,12.37,clear sky
330,Luanda,AO,-8.8368,13.2343,77.99,85,100,5.88,overcast clouds
331,Cordoba,AR,-31.4135,-64.1811,74.43,70,0,8.05,clear sky
332,Sale,MA,34.0389,-6.8166,62.64,76,50,0.0,scattered clouds
333,College,US,64.8569,-147.8028,-6.14,70,20,0.0,few clouds
334,Gizo,SB,-8.103,156.8419,84.0,73,93,6.08,light rain
335,Hofn,IS,64.2539,-15.2082,30.88,62,41,9.66,scattered clouds
336,Wangqing,CN,43.3218,129.7634,5.11,86,29,1.05,scattered clouds
337,Hambantota,LK,6.1241,81.1185,77.79,82,78,7.54,broken clouds
338,Boende,CD,-0.2167,20.8667,71.91,60,13,3.2,few clouds
339,Vostok,RU,46.4856,135.8833,-11.83,95,94,3.31,overcast clouds
340,Cayenne,GF,4.9333,-52.3333,79.09,85,0,4.0,clear sky
341,Rafai,CF,4.95,23.9167,64.96,31,24,3.62,few clouds
342,Torbay,CA,47.6666,-52.7314,37.27,95,100,23.02,mist
343,Sabha,LY,27.0377,14.4283,46.45,30,39,5.61,scattered clouds
344,Saint-Philippe,RE,-21.3585,55.7679,74.79,82,43,11.05,scattered clouds
345,Liberty,US,31.8335,-81.5004,40.98,36,0,1.99,clear sky
346,Souillac,MU,-20.5167,57.5167,79.18,78,40,6.91,scattered clouds
347,Mamakan,RU,57.8161,114.0028,-26.09,100,100,0.65,overcast clouds
348,Shubarshi,KZ,48.5872,57.1869,9.64,98,97,7.11,overcast clouds
349,Velke Mezirici,CZ,49.3552,16.0122,44.44,40,100,28.99,light rain
350,Mahebourg,MU,-20.4081,57.7,79.09,78,40,6.91,scattered clouds
351,Bambanglipuro,ID,-7.95,110.2833,78.71,84,100,2.75,overcast clouds
352,Kavaratti,IN,10.5669,72.642,80.69,72,80,8.9,broken clouds
353,Sabzevar,IR,36.2126,57.6819,36.93,44,1,1.21,clear sky
354,Tamandare,BR,-8.7597,-35.1047,75.97,80,100,3.51,overcast clouds
355,Thunder Bay,CA,48.4001,-89.3168,19.56,89,100,2.3,light snow
356,Taoudenni,ML,22.6783,-3.9836,73.24,11,97,13.35,overcast clouds
357,Meulaboh,ID,4.1363,96.1285,75.52,91,63,5.06,broken clouds
358,Tukrah,LY,32.5341,20.5791,53.04,60,86,31.63,overcast clouds
359,Ferlach,AT,46.5269,14.3019,35.47,82,20,1.14,few clouds
360,Necochea,AR,-38.5473,-58.7368,78.04,57,1,19.26,clear sky
361,Santa Catalina,PH,9.3337,122.8637,80.8,76,52,1.68,broken clouds
362,Duluth,US,46.7833,-92.1066,23.05,69,100,1.99,overcast clouds
363,Port-Gentil,GA,-0.7193,8.7815,81.09,81,74,10.04,broken clouds
364,Gari,RU,59.4307,62.3497,-0.6,100,100,3.36,overcast clouds
365,Chiungutwa,TZ,-10.8833,38.9833,67.82,98,69,3.65,broken clouds
366,Iqaluit,CA,63.7506,-68.5145,-11.47,58,100,8.05,light snow
367,Puqi,CN,29.7167,113.8833,34.5,93,89,1.74,overcast clouds
368,Lagoa,PT,39.05,-27.9833,58.42,73,59,15.01,broken clouds
369,Charters Towers,AU,-20.1,146.2667,81.41,58,2,9.95,clear sky
370,Marsh Harbour,BS,26.5412,-77.0636,60.08,60,49,25.88,scattered clouds
371,Traverse City,US,44.7631,-85.6206,21.31,81,100,6.35,overcast clouds
372,Birin,NP,26.8865,88.0718,39.88,79,48,2.66,scattered clouds
373,Encruzilhada Do Sul,BR,-30.5439,-52.5219,61.9,71,1,7.05,clear sky
374,Ossora,RU,59.2353,163.0719,23.22,92,100,24.7,light snow
375,Tynda,RU,55.1667,124.7167,-14.94,91,65,5.14,broken clouds
376,Bud,US,39.447,-86.1758,24.82,63,64,5.73,broken clouds
377,Ahuimanu,US,21.4447,-157.8378,80.85,60,0,7.0,clear sky
378,Yerbogachen,RU,61.2767,108.0108,-10.88,99,94,3.13,overcast clouds
379,Nagorsk,RU,59.3172,50.8078,5.36,98,100,3.89,overcast clouds
380,Nanortalik,GL,60.1432,-45.2371,21.0,69,100,26.19,light snow
381,Tsagan Aman,RU,47.5639,46.7218,32.99,97,100,19.17,light snow
382,Iquique,CL,-20.2208,-70.1431,66.76,81,44,2.21,scattered clouds
383,Oksfjord,NO,70.2396,22.3479,22.12,82,37,3.18,scattered clouds
384,Muzhi,RU,65.3667,64.6667,-17.64,100,100,2.1,overcast clouds
385,Swan Hill,AU,-35.3378,143.5544,79.84,58,5,5.7,clear sky
386,Furth Im Wald,DE,49.3097,12.84,44.44,91,100,19.15,light rain
387,Sur,OM,22.5667,59.5289,69.91,51,5,1.32,clear sky
388,Svetlogorsk,BY,52.6333,29.7333,25.21,95,100,17.0,snow
389,Sao Felix Do Xingu,BR,-6.6447,-51.995,71.04,95,95,1.59,overcast clouds
390,Loiza,PR,18.4313,-65.8802,78.58,76,40,8.05,scattered clouds
391,Flinders,AU,-34.5833,150.8552,84.79,68,96,6.8,overcast clouds
392,Kamuli,UG,0.9472,33.1197,65.23,69,64,3.11,broken clouds
393,Batalha,BR,-9.6778,-37.1247,79.41,57,100,3.18,overcast clouds
394,Sechura,PE,-5.5569,-80.8222,76.17,65,62,12.97,broken clouds
395,Yulara,AU,-25.2406,130.9889,76.84,88,75,11.5,broken clouds
396,Goderich,CA,43.7501,-81.7165,13.91,79,87,4.61,overcast clouds
397,Tura,IN,25.5198,90.2201,49.41,67,0,2.37,clear sky
398,Eyl,SO,7.9803,49.8164,73.0,66,80,18.81,broken clouds
399,Belyy Yar,RU,53.6039,91.3903,-18.51,68,75,2.24,smoke
400,Taltal,CL,-25.4,-70.4833,66.65,77,6,5.41,clear sky
401,Sri Aman,MY,1.2376,111.4621,78.85,94,40,0.0,scattered clouds
402,Margate,GB,51.3813,1.3862,45.3,73,55,7.0,broken clouds
403,Shahapur,IN,19.45,73.3333,69.28,40,6,2.01,clear sky
404,Champerico,GT,14.3,-91.9167,84.74,68,15,6.91,few clouds
405,Risor,NO,58.7206,9.2342,42.3,50,1,31.21,clear sky
406,Kargasok,RU,59.0556,80.8572,0.9,97,100,5.91,overcast clouds
407,Nelson Bay,AU,-32.7167,152.15,83.28,65,44,1.99,scattered clouds
408,Los Llanos De Aridane,ES,28.6585,-17.9182,58.75,75,100,7.0,haze
409,Mattru,SL,7.6244,-11.8332,74.32,88,99,1.07,overcast clouds
410,Sinnamary,GF,5.3833,-52.95,76.17,86,86,8.39,overcast clouds
411,Honghu,CN,29.8206,113.4621,33.37,87,46,5.03,scattered clouds
412,Breda,IT,45.7225,12.3308,37.96,80,89,1.01,overcast clouds
413,Sabla,NG,12.7525,4.7077,69.06,13,17,14.45,few clouds
414,Yaan,NG,7.3833,8.5667,78.67,16,34,9.95,scattered clouds
415,Alofi,NU,-19.0595,-169.9187,82.29,74,93,11.5,overcast clouds
416,Rongcheng,CN,30.634,117.8517,34.0,96,100,2.42,overcast clouds
417,Lompoc,US,34.6391,-120.4579,68.13,54,0,10.36,clear sky
418,Nanakuli,US,21.3906,-158.1547,81.1,53,40,10.36,scattered clouds
419,Nador,MA,35.174,-2.9287,57.45,77,0,6.91,clear sky
420,Aklavik,CA,68.2191,-135.0107,-15.77,76,40,3.44,scattered clouds
421,Ouadda,CF,8.0777,22.4007,61.61,23,48,5.06,scattered clouds
422,Poso,ID,-1.3959,120.7524,81.09,71,100,1.88,overcast clouds
423,Minot,US,48.2325,-101.2963,25.79,79,0,10.36,clear sky
424,Pokrovsk,UA,48.282,37.1758,26.01,95,97,12.08,overcast clouds
425,Qingdao,CN,36.0986,120.3719,20.8,73,46,2.24,mist
426,Kuching,MY,1.55,110.3333,77.22,94,20,0.0,few clouds
427,Mehamn,NO,71.0357,27.8492,16.34,83,98,3.65,overcast clouds
428,Ostrovnoy,RU,68.0531,39.5131,15.37,89,88,12.53,overcast clouds
429,San Luis,AR,-33.295,-66.3356,76.33,38,0,7.05,clear sky
430,Dabakala,CI,8.3667,-4.4333,76.48,20,88,4.79,overcast clouds
431,Emerald,AU,-23.5333,148.1667,86.34,44,2,7.31,clear sky
432,Jalu,LY,29.0331,21.5482,53.56,40,18,16.89,few clouds
433,Codrington,AU,-38.2667,141.9667,69.03,82,94,8.21,overcast clouds
434,Aberdeen,GB,57.1437,-2.0981,40.5,77,20,20.71,few clouds
435,Burnie,AU,-41.0667,145.9167,71.94,62,51,4.97,broken clouds
436,Poum,NC,-20.2333,164.0167,81.79,76,52,8.5,broken clouds
437,Nacala,MZ,-14.5428,40.6728,75.0,87,81,3.04,broken clouds
438,Hearst,CA,49.6835,-83.6665,7.05,97,100,3.47,overcast clouds
439,Leh,IN,34.1667,77.5833,-3.37,97,100,2.19,overcast clouds
440,Port Augusta,AU,-32.5,137.7667,91.71,33,38,7.07,scattered clouds
441,Urumqi,CN,43.801,87.6005,-4.85,84,75,2.24,mist
442,Norsup,VU,-16.0667,167.3833,83.25,81,100,17.11,heavy intensity rain
443,Chik,RU,54.9928,82.4311,2.95,85,0,8.95,clear sky
444,Tacoronte,ES,28.4769,-16.4102,60.21,66,40,7.0,mist
445,Oktyabrskiy,RU,54.4815,53.471,11.53,96,100,4.27,overcast clouds
446,Beni Mazar,EG,28.4962,30.8029,47.79,62,1,4.34,clear sky
447,Solwezi,ZM,-12.1688,26.3894,63.07,97,100,4.7,light rain
448,Klaksvik,FO,62.2266,-6.589,34.72,65,59,18.37,broken clouds
449,Aasiaat,GL,68.7098,-52.8699,6.78,83,100,23.42,overcast clouds
450,Bambous Virieux,MU,-20.3428,57.7575,79.05,78,40,6.91,scattered clouds
451,Portland,US,45.5234,-122.6762,52.99,55,75,1.01,broken clouds
452,Beringovskiy,RU,63.05,179.3167,-9.04,99,93,2.46,overcast clouds
453,Valley City,US,46.9233,-98.0032,18.59,85,100,13.8,overcast clouds
454,Baruun-Urt,MN,46.6806,113.2792,-8.82,85,20,3.4,few clouds
455,Karratha,AU,-20.7377,116.8463,82.11,59,90,15.64,overcast clouds
456,Betare Oya,CM,5.6,14.0833,67.23,27,56,5.57,broken clouds
457,San Patricio,US,28.017,-97.5169,60.89,40,35,10.63,scattered clouds
458,Kahului,US,20.8947,-156.47,82.42,54,20,18.41,few clouds
459,Shelburne,CA,44.0787,-80.2041,4.89,98,3,5.37,clear sky
460,Nokaneng,BW,-19.6667,22.2667,67.71,90,89,5.79,overcast clouds
461,Abnub,EG,27.2696,31.1511,48.2,55,0,7.23,clear sky
462,Clearwater,US,27.9659,-82.8001,46.31,61,0,11.01,clear sky
463,Kortkeros,RU,61.8106,51.5806,12.2,93,100,6.26,overcast clouds
464,Alice Springs,AU,-23.7,133.8833,76.55,94,100,17.27,overcast clouds
465,Werota,ET,11.9167,37.7,64.04,55,68,2.28,broken clouds
466,Pietermaritzburg,ZA,-29.6168,30.3928,64.76,98,93,1.52,overcast clouds
467,Ulladulla,AU,-35.35,150.4667,80.76,66,78,4.97,broken clouds
468,Dickinson,US,29.4608,-95.0513,60.19,58,0,3.0,clear sky
469,Sal Rei,CV,16.1833,-22.9167,68.56,72,100,18.01,overcast clouds
470,Tazovskiy,RU,67.4667,78.7,-13.79,99,94,7.58,overcast clouds
471,Knoxville,US,35.9606,-83.9207,29.28,44,0,4.61,clear sky
472,Silifke,TR,36.3778,33.9344,46.35,81,100,11.41,overcast clouds
473,Chase,CA,50.8165,-119.6857,32.07,95,100,3.98,overcast clouds
474,Kotelnich,RU,58.3089,48.348,10.4,96,100,5.17,overcast clouds
475,Rangapara,IN,26.8167,92.65,49.95,68,0,3.15,clear sky
476,Eureka,US,40.8021,-124.1637,58.93,75,4,1.01,clear sky
477,Vieques,PR,18.425,-65.8329,78.62,73,40,8.05,scattered clouds
478,West Bay,KY,19.3667,-81.4167,75.27,69,75,3.0,broken clouds
479,Inhumas,BR,-16.3578,-49.4961,73.13,97,94,4.18,overcast clouds
480,Matara,LK,5.9485,80.5353,75.63,86,79,5.53,broken clouds
481,Okhotsk,RU,59.3833,143.3,13.89,80,99,15.48,overcast clouds
482,Thinadhoo,MV,0.5333,72.9333,81.23,73,88,5.93,overcast clouds
483,San Jose,US,37.3394,-121.895,66.85,45,40,1.99,scattered clouds
484,Marystown,CA,47.1666,-55.1483,40.86,100,100,15.99,overcast clouds
485,Santa Maria Do Para,BR,-1.3503,-47.5756,70.83,97,100,3.76,overcast clouds
486,Kuang,MY,3.2594,101.5541,79.11,90,20,0.0,few clouds
487,Posadas,AR,-27.3671,-55.8961,84.18,54,0,5.75,clear sky
488,Luena,AO,-11.7833,19.9167,62.44,96,100,4.65,overcast clouds
489,Srivardhan,IN,18.0333,73.0167,68.74,50,33,4.65,scattered clouds
490,Gerede,TR,40.8008,32.1969,9.61,91,67,5.66,broken clouds
491,Vardo,NO,70.3705,31.1107,22.14,81,96,1.81,overcast clouds
492,Tarauaca,BR,-8.1614,-70.7656,72.99,99,100,4.34,moderate rain
493,Bereda,ES,43.2686,-7.5406,45.91,97,100,2.04,overcast clouds
494,Xuanzhou,CN,30.9525,118.7553,34.3,96,99,0.78,overcast clouds
495,Nome,US,64.5011,-165.4064,-7.53,59,0,0.0,clear sky
496,Mutoko,ZW,-17.397,32.2268,63.57,92,100,2.13,light rain
497,Malartic,CA,48.1335,-78.1328,3.02,82,43,1.5,scattered clouds
498,Broome,US,42.2506,-75.833,10.02,76,20,7.0,few clouds
499,Kedougou,SN,12.5579,-12.1743,82.98,30,0,2.3,clear sky
500,Sao Jose Da Coroa Grande,BR,-8.8978,-35.1478,76.37,80,99,4.34,overcast clouds
501,Mo I Rana,NO,66.3128,14.1428,21.29,93,100,2.53,light snow
502,Bantry,IE,51.6833,-9.45,42.28,85,53,2.55,broken clouds
503,Praia Da Vitoria,PT,38.7333,-27.0667,59.25,88,75,11.52,broken clouds
504,Malanje,AO,-9.5402,16.341,63.82,97,100,3.53,light rain
505,Dutlwe,BW,-23.9833,23.9,68.58,81,100,15.64,overcast clouds
506,Mildura,AU,-34.2,142.15,82.08,57,1,4.61,clear sky
507,Lake Havasu City,US,34.4839,-114.3224,65.01,10,0,5.01,clear sky
508,Kotdwara,IN,29.75,78.5333,50.02,67,0,4.88,clear sky
509,Nemuro,JP,43.3236,145.575,16.23,64,38,19.6,scattered clouds
510,Dolores,AR,-36.3132,-57.6792,67.87,70,76,8.28,broken clouds
511,Vestmannaeyjar,IS,63.4427,-20.2734,40.95,64,100,17.45,overcast clouds
512,Tamalin,MX,21.35,-97.8,54.9,72,97,3.38,overcast clouds
513,Villa Bruzual,VE,9.3328,-69.1208,82.53,48,52,11.32,broken clouds
514,Surbo,IT,40.3994,18.1331,47.82,75,0,3.44,clear sky
515,Mastic Beach,US,40.7668,-72.8521,20.98,65,100,8.99,haze
516,Iskateley,RU,67.6803,53.1512,15.91,93,100,15.7,light snow
517,Kendari,ID,-3.945,122.4989,78.55,83,100,2.71,overcast clouds
518,Tampakan,PH,6.4442,124.9264,80.53,73,60,1.59,broken clouds
519,Sann,PK,26.0418,68.1378,49.91,30,0,2.75,clear sky
520,Fukue,JP,32.6881,128.8419,46.76,46,75,6.91,light rain
521,Buraydah,SA,26.326,43.975,50.45,38,4,15.23,clear sky
522,Marsa Matruh,EG,31.3525,27.2453,53.4,61,62,19.13,broken clouds
523,Henties Bay,NA,-22.116,14.2845,60.85,83,38,3.74,scattered clouds
524,Verkhniy Baskunchak,RU,48.2256,46.7217,33.15,97,100,20.92,overcast clouds
525,Pacific Grove,US,36.6177,-121.9166,67.6,57,0,4.0,clear sky
526,Bandarbeyla,SO,9.4942,50.8122,75.33,71,100,20.02,light rain
527,Payo,ID,-3.7508,103.6372,73.17,97,100,0.96,overcast clouds
528,Palestine,PS,31.9216,35.2033,40.95,93,3,4.23,clear sky
529,Nandi,IN,13.3855,77.6984,63.82,87,23,2.48,few clouds
530,Blagodatnoye,RU,45.3997,42.5867,32.92,95,90,11.07,light snow
531,Pingdingshan,CN,33.7385,113.3012,27.88,93,19,2.73,few clouds
532,Atherton,GB,53.5237,-2.4935,45.28,78,27,3.0,scattered clouds
533,Saint-Joseph,RE,-21.3667,55.6167,73.78,82,24,11.36,few clouds
534,Nishihara,JP,26.1842,127.7558,63.68,94,100,10.36,overcast clouds
535,Stephenville,US,32.2207,-98.2023,62.73,19,0,6.91,clear sky
536,Inuvik,CA,68.3499,-133.7218,-15.74,73,75,3.44,broken clouds
537,Zhuanghe,CN,39.7008,122.9911,20.14,41,0,4.97,clear sky
538,Puerto Escondido,MX,15.85,-97.0667,83.23,65,20,0.0,few clouds
539,Lannion,FR,48.75,-3.4167,49.14,100,100,11.5,drizzle
540,Wad Madani,SD,14.4012,33.5199,66.94,20,3,12.86,clear sky
541,Kitimat,CA,54.0524,-128.6534,39.58,31,100,4.16,light rain
542,Severodvinsk,RU,64.5635,39.8302,17.71,90,96,11.9,overcast clouds
543,Mitchell,US,43.7094,-98.0298,39.11,53,0,1.01,clear sky
544,Santa Cruz De La Palma,ES,28.6835,-17.7642,62.74,72,100,8.05,haze
545,Puerto Baquerizo Moreno,EC,-0.9,-89.6,74.66,81,27,7.99,scattered clouds
546,Kupino,RU,54.3663,77.2981,1.74,83,38,10.29,scattered clouds
547,Boldog,HU,47.6029,19.6884,38.3,73,100,17.02,light rain
548,General Bravo,MX,25.8,-99.1667,59.94,33,4,9.01,clear sky
549,Cururupu,BR,-1.8283,-44.8683,72.37,96,100,2.13,light rain
550,Nancha,CN,47.1333,129.2667,-0.09,93,81,3.15,broken clouds
551,Suntar,RU,62.1444,117.6319,-15.77,97,84,5.17,broken clouds
552,Ravenna,IT,44.4167,11.9833,47.23,70,66,4.07,broken clouds
553,San Eugenio,PH,16.3598,120.357,79.74,77,12,3.38,light rain
554,Batagay-Alyta,RU,67.8006,130.4114,-20.92,96,70,4.88,broken clouds
555,Ust-Kuyga,RU,70.0167,135.6,-33.61,100,99,6.96,overcast clouds
556,Maloy,NO,61.9353,5.1136,42.06,89,99,10.0,overcast clouds
557,Baghdad,IQ,33.3406,44.4009,40.91,81,5,0.0,clear sky
558,Phaltan,IN,17.9833,74.4333,61.3,42,28,0.56,scattered clouds
559,Druzhba,UA,52.0428,33.9453,20.23,97,100,8.93,overcast clouds
560,Rio Gallegos,AR,-51.6226,-69.2181,48.25,87,75,11.5,light rain
561,Spring Valley,US,36.108,-115.245,60.19,15,75,5.75,broken clouds
562,Liling,CN,27.6667,113.5,35.49,94,100,2.04,overcast clouds
563,Aksu,CN,41.1231,80.2644,25.05,48,85,4.94,overcast clouds
564,Troyes,FR,48.3333,4.0833,47.17,93,100,10.36,overcast clouds
565,Pudozh,RU,61.8099,36.5345,11.07,94,98,6.89,overcast clouds
566,Birjand,IR,32.8663,59.2211,32.47,55,0,0.0,clear sky
567,Taksimo,RU,56.3444,114.8794,-17.55,92,74,1.68,broken clouds
568,Athabasca,CA,54.7169,-113.2854,27.86,89,78,4.83,broken clouds
569,Banda Aceh,ID,5.5577,95.3222,79.02,77,90,5.06,overcast clouds
570,Lowicz,PL,52.1071,19.9453,45.64,72,100,31.59,overcast clouds
571,Hualmay,PE,-11.0964,-77.6139,70.81,81,58,9.48,broken clouds
572,Noumea,NC,-22.2763,166.4572,87.78,99,29,15.57,scattered clouds
573,Banff,CA,51.1762,-115.5698,38.43,54,100,12.66,overcast clouds
574,Iglesias,IT,39.3114,8.535,44.74,88,0,2.24,clear sky
575,Uige,AO,-7.6087,15.0613,66.47,97,97,1.16,light rain
576,Esmeraldas,BR,-19.7625,-44.3139,73.71,87,98,1.54,overcast clouds
577,Carutapera,BR,-1.195,-46.02,74.88,88,100,5.21,light rain
578,Ellensburg,US,46.9965,-120.5479,29.25,82,100,0.0,overcast clouds
579,Calatagan,PH,13.8833,120.65,80.78,76,21,6.22,few clouds
580,Bathsheba,BB,13.2167,-59.5167,77.61,69,40,16.11,scattered clouds
581,Ust-Tsilma,RU,65.441,52.1498,17.26,93,100,8.9,light snow
582,Cumra,TR,37.5732,32.7745,6.94,95,100,1.23,overcast clouds
583,Agara,GE,42.0376,43.8238,22.14,75,59,3.83,broken clouds
584,Samarai,PG,-10.6167,150.6667,81.14,75,100,6.64,overcast clouds
585,Makkaveyevo,RU,51.7533,113.9454,-26.41,100,65,3.53,broken clouds
586,Caravelas,BR,-17.7125,-39.2481,78.87,83,0,10.38,clear sky
587,Zhezkazgan,KZ,47.8043,67.7144,8.94,97,74,8.88,broken clouds
588,Arman,RU,59.7,150.1667,11.5,81,100,13.13,overcast clouds
589,Nouadhibou,MR,20.931,-17.0347,62.58,82,100,14.97,overcast clouds
590,Manicore,BR,-5.8092,-61.3003,71.85,99,100,1.48,moderate rain
591,Faya,SA,18.3851,42.4509,53.71,81,1,5.79,clear sky
592,Dunedin,NZ,-45.8742,170.5036,58.15,89,100,4.25,light rain
593,San Andres,CO,12.5847,-81.7006,80.62,69,20,11.5,few clouds
594,Novyy Urengoy,RU,66.0833,76.6333,-8.64,96,99,8.5,overcast clouds
595,Bulaevo,KZ,54.9056,70.4439,-0.26,91,100,7.07,overcast clouds
596,Auki,SB,-8.7676,160.7034,83.66,77,94,8.28,overcast clouds
597,Korem,ET,12.5058,39.5228,49.8,70,17,3.44,few clouds
598,Fecamp,FR,49.7579,0.3746,49.71,89,76,12.75,broken clouds
599,Monrovia,LR,6.3005,-10.7969,79.34,83,63,5.32,broken clouds
600,Sacama,EC,-3.9,-79.2667,51.19,97,100,4.21,light rain
601,Boa Vista,BR,2.8197,-60.6733,84.18,51,20,10.36,few clouds
602,Jhelum,PK,32.9331,73.7264,48.38,55,2,6.13,clear sky
603,Atyrau,KZ,47.1167,51.8833,26.62,93,75,11.18,mist
604,Huilong,CN,31.8111,121.655,38.93,75,99,11.65,light rain
605,Bilma,NE,18.6853,12.9164,57.54,20,2,13.33,clear sky
606,Port Macquarie,AU,-31.4333,152.9167,80.89,63,91,4.32,overcast clouds
607,Diego De Almagro,CL,-26.3667,-70.05,64.74,52,0,6.4,clear sky
608,Pitea,SE,65.3172,21.4794,19.09,92,100,14.88,light snow
609,Kaduna,NG,10.5222,7.4383,65.28,13,98,11.01,overcast clouds
610,Kijang,KR,35.2442,129.2139,33.53,27,93,5.75,overcast clouds
611,Kyshtovka,RU,56.555,76.6271,1.06,90,100,7.07,overcast clouds
612,Mendeleyevsk,RU,55.9082,52.2905,9.64,96,100,4.34,light snow
613,Chaozhou,CN,23.6651,116.6379,49.86,71,87,9.57,overcast clouds
614,Soldotna,US,60.4878,-151.0583,30.02,84,20,0.0,few clouds
615,Paterno,IT,37.571,14.9027,45.32,57,0,10.36,clear sky
616,Fort Dodge,US,42.4975,-94.168,33.4,80,0,0.0,clear sky
617,Oranjemund,NA,-28.55,16.4333,65.48,85,73,10.16,broken clouds
618,Formosa,AR,-26.1775,-58.1781,80.58,47,0,6.91,clear sky
619,Touros,BR,-5.1989,-35.4608,77.9,82,85,9.66,overcast clouds
620,Batagay,RU,67.6333,134.6333,-30.08,98,100,2.06,overcast clouds
621,Winkler,CA,49.1817,-97.941,14.72,79,100,11.5,overcast clouds
622,Chicama,PE,-7.8447,-79.1469,66.74,71,90,6.64,overcast clouds
623,Lerwick,GB,60.1545,-1.1494,39.2,63,48,31.07,scattered clouds
624,Adre,TD,13.4667,22.2,59.34,15,20,14.67,few clouds
625,Wanning,CN,18.8003,110.3967,59.59,91,100,8.61,overcast clouds
626,Isangel,VU,-19.55,169.2667,80.89,84,100,14.41,moderate rain
627,Greytown,ZA,-29.0642,30.5928,60.49,95,86,1.9,overcast clouds
628,Esil,KZ,51.9556,66.4042,12.47,93,100,11.12,overcast clouds
629,Jumla,NP,29.2747,82.1838,31.12,43,0,4.97,clear sky
630,Abalak,RU,58.1286,68.5944,9.07,90,100,7.09,overcast clouds
631,Krasnogvardeyskoye,RU,45.8456,41.5186,33.49,90,83,12.84,broken clouds
632,Saint-Denis,FR,48.9167,2.3333,49.23,94,100,3.0,overcast clouds
633,Ulaangom,MN,49.9811,92.0667,-24.3,90,97,3.29,overcast clouds
634,Itaituba,BR,-4.2761,-55.9836,71.44,100,100,1.79,overcast clouds
635,Iisaku,EE,59.1014,27.3081,27.64,95,100,22.86,light snow
636,Pipri,IN,19.8,75.5333,54.18,66,6,0.0,haze
637,Quatre Cocos,MU,-20.2078,57.7625,78.91,75,100,12.71,overcast clouds
638,Sibolga,ID,1.7427,98.7792,74.55,91,89,3.06,overcast clouds
639,Fontenay-Le-Comte,FR,46.5833,-1.0,45.05,96,77,5.35,broken clouds
640,Arrecife,ES,28.963,-13.5477,66.18,55,0,11.5,haze
641,Mount Isa,AU,-20.7333,139.5,80.37,89,100,12.66,overcast clouds
642,Dembi Dolo,ET,8.5333,34.8,62.69,47,32,3.18,scattered clouds
643,Maraba,BR,-5.3686,-49.1178,71.71,98,96,2.91,overcast clouds
644,Kars,TR,40.602,43.095,1.85,85,75,2.3,broken clouds
645,Orapa,BW,-21.2833,25.3667,72.25,72,64,18.79,broken clouds
646,Petropavlovsk-Kamchatskiy,RU,53.0452,158.6483,25.39,80,75,0.0,light shower snow
647,Hasaki,JP,35.7333,140.8333,41.29,54,51,20.09,broken clouds
648,Frolovo,RU,49.7713,43.6622,34.39,97,100,15.59,snow
649,Amapa,BR,1.0,-52.0,71.29,99,100,2.26,moderate rain
650,San Joaquin,US,37.9333,-121.3011,65.48,46,0,6.91,clear sky
651,Korla,CN,41.7597,86.1469,23.9,52,100,7.2,overcast clouds
652,Lock Haven,US,41.137,-77.4469,18.09,38,19,10.63,few clouds
653,Perpignan,FR,42.75,2.75,53.73,56,0,19.57,clear sky
654,Doha,QA,25.2867,51.5333,60.78,69,0,9.22,clear sky
655,Zaysan,KZ,47.4667,84.8667,-4.99,87,100,2.66,overcast clouds
656,Mandera,KE,3.9366,41.867,76.68,32,2,5.66,clear sky
657,Ishinomaki,JP,38.4167,141.3,35.6,58,11,17.9,few clouds
658,Songadh,IN,21.1667,73.5667,61.65,34,3,3.49,clear sky
659,Prabumulih,ID,-3.45,104.25,73.98,97,99,0.54,overcast clouds
660,Katangli,RU,51.7102,143.2326,-10.14,88,91,5.7,overcast clouds
661,Palmer,US,42.1584,-72.3287,15.4,75,100,8.99,light snow
662,Wad Rawah,SD,15.1603,33.1397,64.6,17,6,15.5,clear sky
663,Narwana,IN,29.6167,76.1167,47.25,68,5,7.76,clear sky
664,Mezen,RU,65.8522,44.24,12.25,95,100,9.75,overcast clouds
665,Umm Kaddadah,SD,13.6017,26.6876,56.1,20,8,15.82,clear sky
666,Bara,NG,10.3744,10.7288,63.25,20,94,9.28,overcast clouds
667,Araouane,ML,18.9048,-3.5265,71.08,11,78,14.29,broken clouds
668,Rabo De Peixe,PT,37.8,-25.5833,57.27,93,75,0.0,broken clouds
669,Zolotonosha,UA,49.6689,32.0377,24.44,87,91,10.92,overcast clouds
670,Spearfish,US,44.4908,-103.8594,42.31,22,0,4.0,clear sky
671,Dawlatabad,AF,36.4141,64.9053,39.56,75,100,3.33,overcast clouds
672,Valparaiso,CL,-33.0393,-71.6273,68.47,63,9,9.06,clear sky
673,Chengde,CN,40.9725,117.9361,14.97,54,2,2.64,clear sky
674,Oriximina,BR,-1.7656,-55.8661,73.27,97,99,2.86,overcast clouds
675,Egvekinot,RU,66.3167,-179.1667,-3.62,67,11,0.63,few clouds
676,Osypenko,UA,46.9136,36.8253,31.84,88,95,14.16,overcast clouds
677,Rognan,NO,67.0953,15.3878,30.34,88,100,4.85,overcast clouds
678,Buin,CL,-33.7333,-70.75,71.87,66,0,5.82,clear sky
679,Stokmarknes,NO,68.5646,14.9108,30.49,65,100,2.08,overcast clouds
680,Soyo,AO,-6.1349,12.3689,78.37,87,99,4.14,light rain
681,Yizheng,CN,24.6706,103.4296,33.21,93,0,3.06,clear sky
682,Fare,PF,-16.7,-151.0167,80.58,72,30,9.17,light rain
683,Banon,ES,40.8382,-1.1909,40.26,52,0,6.91,clear sky
684,Pitimbu,BR,-7.4706,-34.8086,77.59,80,67,7.43,broken clouds
685,Asfi,MA,32.2994,-9.2372,60.76,71,33,2.21,scattered clouds
686,Olutanga,PH,7.3106,122.8464,80.96,74,97,4.38,overcast clouds
687,Bolkhov,RU,53.4433,36.0044,17.02,98,100,6.02,overcast clouds
688,Axim,GH,4.8699,-2.2405,79.25,89,84,5.01,broken clouds
689,Great Yarmouth,GB,52.6083,1.7305,42.22,72,22,18.41,few clouds
